TaylorSwiftVEVO,8801026,pnKcqi0Wvys,Taylor Swift - Gorgeous (Lyric Video),3:32
FootofaFerret,299715,zJqnpoJPDMM,The History Of Jacksfilms (Feat. Jacksfilms) | A Brief History,8:09
TheEllenShow,5009101,zJqnpoJPDMM,MY BRAND NEW SHOW!!,5:46
CharliesVlogs,1630299,zJqnpoJPDMM,&#39,1:44
TheFineBros,1969888,zJqnpoJPDMM,Marshmello - Silence Ft. Khalid (Official Music Video),3:23
ThreadBanger,6859570,EUoe7cf0HYw,Charlie Puth - &quot,3:31
BreakingTrail,473369,EUoe7cf0HYw,COLLEGE KIDS REACT TO MARINA AND THE DIAMONDS,11:19
ritaora,628736,EUoe7cf0HYw,DIY Halloween PIN-SPLOSION! PIZZA SKULLS,12:54
nigahiga,938664,EUoe7cf0HYw,ULTRA RARE! - Velvet Worm,11:38
Professorlive,515220,XKvXg2NlNZ4,Rita Ora - Anywhere (Official Video),3:43
MrQwik11,2300237,XKvXg2NlNZ4,BATTLEGROUNDS The Movie! (Official Fake Trailer),6:51
corycotton,1347493,XKvXg2NlNZ4,Movie Spoilers | Anwar Jibawi,5:47
corycotton,17998260,XKvXg2NlNZ4,Professor vs Trash Talker 1v1 for $100.. EPIC beach court,8:31
thenba2013,1077166,AQ0b0CRsiVc,Uh Oh LaMelo Ball is Dunking too Easily Now!,3:33
Ballislifedotcom,29781449,AQ0b0CRsiVc,Airplane Trick Shots | Dude Perfect,5:30
pennyccw,3221437,AQ0b0CRsiVc,NBA Greatest Crowd Reactions of All Time!!!,11:58
thewockeez,59756300,AQ0b0CRsiVc,Pickup Basketball Stereotypes,5:28
corycotton,6644939,IZ5izPbcgG4,Dwight Dunks On 12 Foot Rim - 2009 Slam Dunk Contest (HD),3:14
kingsflix,3371973,IZ5izPbcgG4,LaMelo Ball vs Zion Williamson WAS INSANE!! Lonzo Ball,15:22
ESPN,746580,IZ5izPbcgG4,I MET LEBRON JAMES JR &amp,30:25
AmericasGotTalent,16335070,IZ5izPbcgG4,Michael Jordan last 3 minutes in his FINAL BULLS GAME vs Jazz (1998),13:45
AmericasGotTalent,7004847,Tx1sqYc3qas,Most Savage Moments in Sports History,6:09
AmericasGotTalent,12977118,Tx1sqYc3qas,JABBAWOCKEEZ at the NBA Finals 2017,7:02
AmericasGotTalent,57420475,Tx1sqYc3qas,World Record Edition | Dude Perfect,8:11
AmericasGotTalent,2334093,Tx1sqYc3qas,Orlando Magic vs Cleveland Cavaliers - Full Game Highlights | Oct 13,9:36
AmericasGotTalent,616990,CwfoyVa980U,Kings Rookie Dance Contest,2:34
AmericasGotTalent,1657652,CwfoyVa980U,First Take reacts to Gordon Hayward&#39,5:49
AmericasGotTalent,38975061,CwfoyVa980U,Darci Lynne: 12-Year-Old Singing Ventriloquist Gets Golden Buzzer - America&#39,4:25
ZSReport,19727660,CwfoyVa980U,Darci Lynne: Kid Ventriloquist Sings With A Little Help From Her Friends - America&#39,4:24
NFL,16286347,ZagQci5qTSM,Angelica Hale: 9-Year-Old Earns Golden Buzzer From Chris Hardwick - America&#39,4:07
NFL,11212600,ZagQci5qTSM,Darci Lynne: Young Ventriloquist Performs Diva Classic - America&#39,3:21
NFL,11709302,ZagQci5qTSM,Paul Zerdin: Dummy Still Performs After Ventriloquist Walks Off Stage - America&#39,3:39
jkirui007,38861414,ZagQci5qTSM,Celine Tam: 9-Year-Old Stuns Crowd with &quot,3:34
OWN,10679119,cWL4eiCR8FM,Demian Aditya: Escape Artist Attempts Deadly Performance - America&#39,5:16
SkavlanTV,4529105,cWL4eiCR8FM,NFL &quot,8:12
eSightEyewear,3916207,cWL4eiCR8FM,Best &quot,6:53
JimmyKimmelLive,9396326,cWL4eiCR8FM,15 Most Creative Penalty Goals in Football,4:02
latenight,1691251,ksdAs4LBRq8,Jason Witten Picks Up First Down &amp,0:52
latenight,30857037,ksdAs4LBRq8,Greatest Trick Plays in Football History,13:39
JimmyKimmelLive,1349008,ksdAs4LBRq8,The Best Trucks in NFL History,10:04
DrPhilShow,7004847,ksdAs4LBRq8,Most Savage Moments in Sports History,6:09
starwars,876896,4hqqFqcr1K8,Craziest Desperation Lateral Attempts in NFL History,6:33
MARVEL,3734867,4hqqFqcr1K8,Best NFL fights of all time,13:12
TheFrasernash,30335952,4hqqFqcr1K8,Biggest Football Hits Ever,4:14
EAStarWars,3333345,4hqqFqcr1K8,NFL Smartest Plays Of All Time (2017),5:38
WarnerBrosPictures,10518932,G1VEccH7jJ8,Top 5 Worst Plays Of All Time | NFL,4:33
movietrailers,920535,G1VEccH7jJ8,Steelers vs. Chiefs | NFL Week 6 Game Highlights,10:19
msvogue23,878384,G1VEccH7jJ8,Patriots vs. Jets | NFL Week 6 Game Highlights,9:32
EminemVEVO,2428488,G1VEccH7jJ8,Chiefs vs. Patriots | NFL Week 1 Game Highlights,8:08
msvogue23,2547577,1h05s058Kck,White Supremacists,5:27
jcolevideovault,1102166,1h05s058Kck,Bill Maher and Mark Cuban Rip Apart Trump&#39,4:31
BETNetworks,7724534,1h05s058Kck,Tinder couple whose 3 years of messages went viral meets for 1st time on &#39,6:49
EminemVEVO,2255104,RBRSBtPQLF0,A Sexy Mom&#39,4:49
EminemVEVO,4637759,RBRSBtPQLF0,Take A Side,12:38
EminemVEVO,822627,RBRSBtPQLF0,Seth Meyers got told off by Trump after mockery: – You were too harsh! | Skavlan,10:21
EminemVEVO,6382935,RBRSBtPQLF0,Retando a mis hijos | Caso Cerrado | Telemundo,16:38
EminemVEVO,7681398,0gWxHFMog9w,eSight on Rachael Ray: Gene Sees for the First Time!,7:03
TheOfficialLoganPaul,2445337,0gWxHFMog9w,Jimmy Kimmel’s FULL INTERVIEW with Sean Spicer,20:21
TheOfficialLoganPaul,4660236,0gWxHFMog9w,Gal Gadot Tries a Reese&#39,6:26
JakePaulProductions,43720414,0gWxHFMog9w,Wheel of Musical Impressions with Jamie Foxx,8:12
JakePaulProductions,12541249,MeJnBytUYZI,Bill Skarsgård on Playing Pennywise the Clown,5:44
